{
    "confusion_matrix": [
        [
            19,
            8
        ],
        [
            8,
            24
        ]
    ],
    "accuracy": 0.8426966292134831,
    "precision": 0.8571428571428571,
    "recall": 0.8888888888888888,
    "f1_score": 0.8727272727272727,
    "feature_importances": {
        "features": [
            "fbs",
            "restecg",
            "cp",
            "exang",
            "sex",
            "ca",
            "slope",
            "oldpeak",
            "thal",
            "age",
            "trestbps",
            "thalach",
            "chol"
        ],
        "importances": [
            0.12745098039215685,
            0.46078431372549017,
            0.49019607843137253,
            0.5392156862745098,
            0.7941176470588235,
            1.0980392156862746,
            1.1470588235294117,
            1.5313725490196077,
            2.5392156862745097,
            56.35294117647059,
            135.2156862745098,
            138.7941176470588,
            253.48039215686273
        ]
    },
    "roc_curve": {
        "fpr": [
            0.0,
            0.2962962962962963,
            1.0
        ],
        "tpr": [
            0.0,
            0.75,
            1.0
        ],
        "roc_auc": 0.7268518518518519
    }
}